{"timestamp" :"2013-06-22T02:02:21Z","resultsOffset" :0,"status" :"success","resultsLimit" :10,"resultsCount" :30,"headlines" :[{"headline" :"Sources: Doc Rivers talks off again","keywords" :["Doc Rivers","coach","talks","trade","negotiations","Danny Ainge","Donald Sterling"],"lastModified" :"2013-06-22T01:08:10Z","audio" :[],"premium" :false,"mobileStory" :"","links" :{"api" :{"news" :{"href" :"http://api.espn.com/v1/sports/news/9411496"}},"web" :{"href" :"http://espn.go.com/nba/story/_/id/9411496/doc-rivers-los-angeles-clippers-talks-again-according-sources?ex_cid=espnapi_public"},"mobile" :{"href" :"http://m.espn.go.com/nba/story?storyId=9411496&ex_cid=espnapi_public"}},"shortLinkText" :"Sources: Rivers-to-Clippers talks off again ","type" :"HeadlineNews","related" :[{"id" :9410362,"title" :"Boston Celtics call off news conference amid trade rumors on Doc Rivers, Kevin Garnett and Los Angeles Clippers","links" :{"api" :{"news" :{"href" :"http://api.espn.com/v1/sports/news/9410362"}},"web" :{"href" :"http://espn.go.com/boston/nba/story/_/id/9410362/boston-celtics-call-news-conference-amid-trade-rumors-doc-rivers-kevin-garnett-los-angeles-clippers?ex_cid=espnapi_public"},"mobile" :{"href" :"http://m.espn.go.com/nba/story?storyId=9410362&ex_cid=espnapi_public"}}},{"id" :9404289,"title" :"Los Angeles Clippers' meeting with Byron Scott goes well, according to sources","links" :{"api" :{"news" :{"href" :"http://api.espn.com/v1/sports/news/9404289"}},"web" :{"href" :"http://espn.go.com/los-angeles/nba/story/_/id/9404289/los-angeles-clippers-meeting-byron-scott-goes-well-according-sources?ex_cid=espnapi_public"},"mobile" :{"href" :"http://m.espn.go.com/nba/story?storyId=9404289&ex_cid=espnapi_public"}}},{"id" :9407652,"title" :"Los Angeles Clippers focused on getting Doc Rivers from Boston Celtics, making trades later - sources","links" :{"api" :{"news" :{"href" :"http://api.espn.com/v1/sports/news/9407652"}},"web" :{"href" :"http://espn.go.com/nba/story/_/id/9407652/los-angeles-clippers-focused-getting-doc-rivers-boston-celtics-making-trades-later-sources?ex_cid=espnapi_public"},"mobile" :{"href" :"http://m.espn.go.com/nba/story?storyId=9407652&ex_cid=espnapi_public"}}},{"id" :9404760,"title" :"NBA has questions on Los Angeles Clippers-Boston Celtics trade talks, sources say","links" :{"api" :{"news" :{"href" :"http://api.espn.com/v1/sports/news/9404760"}},"web" :{"href" :"http://espn.go.com/nba/story/_/id/9404760/nba-questions-los-angeles-clippers-boston-celtics-trade-talks-sources-say?ex_cid=espnapi_public"},"mobile" :{"href" :"http://m.espn.go.com/nba/story?storyId=9404760&ex_cid=espnapi_public"}}}],"id" :9411496,"story" :"","title" :"Doc Rivers-to-Los Angeles Clippers talks off again, according to sources","linkText" :"Sources: Rivers-to-Clippers talks off again","byline" :"Ramona Shelburne and Marc Stein","source" :"ESPN.com","description" :"The on-again, off-again talks between the Los Angeles Clippers and Boston Celtics -- this time regarding Boston coach Doc Rivers -- are off again as far as the Celtics are concerned, according to sources close to the process.","images" :[{"height" :324,"alt" :"","width" :576,"name" :"Sources: Doc Rivers Talks Off Again","caption" :"Tom Penn with the latest on the trade talks between the Clippers and Celtics.","type" :"video","credit" :"Copyright 2013 ESPN Inc","url" :"http://a.espncdn.com/media/motion/2013/0621/dm_130621_nba_clippers_celtics_latest_penn/dm_130621_nba_clippers_celtics_latest_penn.jpg"}],"categories" :[{"description" :"NBA","type" :"league","sportId" :46,"leagueId" :46,"league" :{"id" :46,"description" :"NBA","links" :{"api" :{"leagues" :{"href" :"http://api.espn.com/v1/sports/basketball/nba"}},"web" :{"leagues" :{"href" :"http://espn.go.com/nba/?ex_cid=espnapi_public"}},"mobile" :{"leagues" :{"href" :"http://m.espn.go.com/nba/?ex_cid=espnapi_public"}}}}},{"description" :"Boston Celtics","type" :"team","sportId" :46,"teamId" :2,"team" :{"id" :2,"description" :"Boston Celtics","links" :{"api" :{"teams" :{"href" :"http://api.espn.com/v1/sports/basketball/nba/teams/2"}},"web" :{"teams" :{"href" :"http://espn.go.com/nba/team/_/name/bos/boston-celtics?ex_cid=espnapi_public"}},"mobile" :{"teams" :{"href" :"http://m.espn.go.com/nba/clubhouse?teamId=2&ex_cid=espnapi_public"}}}}},{"description" :"Los Angeles Clippers","type" :"team","sportId" :46,"teamId" :12,"team" :{"id" :12,"description" :"Los Angeles Clippers","links" :{"api" :{"teams" :{"href" :"http://api.espn.com/v1/sports/basketball/nba/teams/12"}},"web" :{"teams" :{"href" :"http://espn.go.com/nba/team/_/name/lac/los-angeles-clippers?ex_cid=espnapi_public"}},"mobile" :{"teams" :{"href" :"http://m.espn.go.com/nba/clubhouse?teamId=12&ex_cid=espnapi_public"}}}}},{"description" :"Kevin Garnett","type" :"athlete","sportId" :46,"athleteId" :261,"athlete" :{"id" :261,"description" :"Kevin Garnett","links" :{"api" :{"athletes" :{"href" :"http://api.espn.com/v1/sports/basketball/nba/athletes/261"}},"web" :{"athletes" :{"href" :"http://espn.go.com/nba/player/_/id/261/kevin-garnett?ex_cid=espnapi_public"}},"mobile" :{"athletes" :{"href" :"http://m.espn.go.com/nba/playercard?playerId=261&ex_cid=espnapi_public"}}}}},{"description" :"Paul Pierce","type" :"athlete","sportId" :46,"athleteId" :662,"athlete" :{"id" :662,"description" :"Paul Pierce","links" :{"api" :{"athletes" :{"href" :"http://api.espn.com/v1/sports/basketball/nba/athletes/662"}},"web" :{"athletes" :{"href" :"http://espn.go.com/nba/player/_/id/662/paul-pierce?ex_cid=espnapi_public"}},"mobile" :{"athletes" :{"href" :"http://m.espn.go.com/nba/playercard?playerId=662&ex_cid=espnapi_public"}}}}}],"published" :"2013-06-21T22:29:50Z","video" :[{"id" :9411829,"title" :"Sources: Doc Rivers Talks Off Again","thumbnail" :"http://a.espncdn.com/media/motion/2013/0621/dm_130621_nba_clippers_celtics_latest_penn/dm_130621_nba_clippers_celtics_latest_penn.jpg","description" :"Tom Penn with the latest on the trade talks between the Clippers and Celtics.","links" :{"web" :{"href" :"http://espn.go.com/video/clip?id=9411829&ex_cid=espnapi_public"}}}]},{"headline" :"Backpacks banned from Heat parade","keywords" :["2013 NBA Finals","championship parade","backpacks","Boston Marathon bombings","title","playoffs"],"lastModified" :"2013-06-21T23:51:46Z","audio" :[],"premium" :false,"mobileStory" :"","links" :{"api" :{"news" :{"href" :"http://api.espn.com/v1/sports/news/9411354"}},"web" :{"href" :"http://espn.go.com/nba/playoffs/2013/story/_/id/9411354/2013-nba-finals-miami-heat-championship-parade-scheduled-monday-city-bans-backpacks?ex_cid=espnapi_public"},"mobile" :{"href" :"http://m.espn.go.com/nba/story?storyId=9411354&ex_cid=espnapi_public"}},"shortLinkText" :"Heat parade Monday; city bans backpacks ","type" :"HeadlineNews","related" :[{"id" :9408752,"title" :"LeBron James, Heat beat Spurs for second straight NBA title","links" :{"api" :{"news" :{"href" :"http://api.espn.com/v1/sports/news/9408752"}},"web" :{"href" :"http://scores.espn.go.com/nba/recap?gameId=400467339&ex_cid=espnapi_public"},"mobile" :{"href" :"http://m.espn.go.com/nba/story?storyId=9408752&ex_cid=espnapi_public"}}}],"id" :9411354,"story" :"","title" :"2013 NBA Finals -- Miami Heat's championship parade scheduled for Monday, city bans backpacks","linkText" :"Heat parade on Monday; city bans backpacks","source" :"Associated Press","description" :"The Heat will have their championship parade Monday, and city officials say fans will not be allowed to carry backpacks.","images" :[{"height" :324,"alt" :"","width" :576,"name" :"Backpacks Banned From Heat Parade","caption" :"The city of Miami will ban fans from carrying backpacks during the Heat parade Monday.","type" :"video","credit" :"Copyright 2013 ESPN Inc","url" :"http://a.espncdn.com/media/motion/2013/0621/dm_130621_Backpacks_Banned_From_Heat_Parade/dm_130621_Backpacks_Banned_From_Heat_Parade.jpg"}],"categories" :[{"description" :"NBA","type" :"league","sportId" :46,"leagueId" :46,"league" :{"id" :46,"description" :"NBA","links" :{"api" :{"leagues" :{"href" :"http://api.espn.com/v1/sports/basketball/nba"}},"web" :{"leagues" :{"href" :"http://espn.go.com/nba/?ex_cid=espnapi_public"}},"mobile" :{"leagues" :{"href" :"http://m.espn.go.com/nba/?ex_cid=espnapi_public"}}}}},{"description" :"Miami Heat","type" :"team","sportId" :46,"teamId" :14,"team" :{"id" :14,"description" :"Miami Heat","links" :{"api" :{"teams" :{"href" :"http://api.espn.com/v1/sports/basketball/nba/teams/14"}},"web" :{"teams" :{"href" :"http://espn.go.com/nba/team/_/name/mia/miami-heat?ex_cid=espnapi_public"}},"mobile" :{"teams" :{"href" :"http://m.espn.go.com/nba/clubhouse?teamId=14&ex_cid=espnapi_public"}}}}}],"published" :"2013-06-21T21:14:13Z","video" :[{"id" :9411640,"title" :"Backpacks Banned From Heat Parade","thumbnail" :"http://a.espncdn.com/media/motion/2013/0621/dm_130621_Backpacks_Banned_From_Heat_Parade/dm_130621_Backpacks_Banned_From_Heat_Parade.jpg","description" :"The city of Miami will ban fans from carrying backpacks during the Heat parade Monday.","links" :{"web" :{"href" :"http://espn.go.com/video/clip?id=9411640&ex_cid=espnapi_public"}}}]},{"headline" :"Club picks up Heat's champagne bill","keywords" :["2013 NBA Finals","champion","celebration","party","champagne","David Grutman","Story Nightclub","LIV","Dom Perignon"],"lastModified" :"2013-06-22T01:43:33Z","audio" :[],"premium" :false,"mobileStory" :"","links" :{"api" :{"news" :{"href" :"http://api.espn.com/v1/sports/news/9411865"}},"web" :{"href" :"http://espn.go.com/nba/playoffs/2013/story/_/id/9411865/2013-nba-finals-miami-nightclub-picks-heat-100000-champagne-bill?ex_cid=espnapi_public"},"mobile" :{"href" :"http://m.espn.go.com/nba/story?storyId=9411865&ex_cid=espnapi_public"}},"shortLinkText" :"Club picks up Heat's $100K champagne bill","type" :"HeadlineNews","related" :[{"id" :9411354,"title" :"2013 NBA Finals -- Miami Heat's championship parade scheduled for Monday, city bans backpacks","links" :{"api" :{"news" :{"href" :"http://api.espn.com/v1/sports/news/9411354"}},"web" :{"href" :"http://espn.go.com/nba/playoffs/2013/story/_/id/9411354/2013-nba-finals-miami-heat-championship-parade-scheduled-monday-city-bans-backpacks?ex_cid=espnapi_public"},"mobile" :{"href" :"http://m.espn.go.com/nba/story?storyId=9411354&ex_cid=espnapi_public"}}},{"id" :9411502,"title" :"2013 NBA Finals -- President Barack Obama calls Miami Heat coach Erik Spoelstra","links" :{"api" :{"news" :{"href" :"http://api.espn.com/v1/sports/news/9411502"}},"web" :{"href" :"http://espn.go.com/nba/playoffs/2013/story/_/id/9411502/2013-nba-finals-president-barack-obama-calls-miami-heat-coach-erik-spoelstra?ex_cid=espnapi_public"},"mobile" :{"href" :"http://m.espn.go.com/nba/story?storyId=9411502&ex_cid=espnapi_public"}}},{"id" :9410408,"title" :"Game 7 between Miami Heat and San Antonio Spurs draws 2nd-highest prelim rating","links" :{"api" :{"news" :{"href" :"http://api.espn.com/v1/sports/news/9410408"}},"web" :{"href" :"http://espn.go.com/nba/story/_/id/9410408/game-7-miami-heat-san-antonio-spurs-draws-2nd-highest-prelim-rating?ex_cid=espnapi_public"},"mobile" :{"href" :"http://m.espn.go.com/nba/story?storyId=9410408&ex_cid=espnapi_public"}}},{"id" :9408752,"title" :"LeBron James, Heat beat Spurs for second straight NBA title","links" :{"api" :{"news" :{"href" :"http://api.espn.com/v1/sports/news/9408752"}},"web" :{"href" :"http://scores.espn.go.com/nba/recap?gameId=400467339&ex_cid=espnapi_public"},"mobile" :{"href" :"http://m.espn.go.com/nba/story?storyId=9408752&ex_cid=espnapi_public"}}}],"id" :9411865,"story" :"","title" :"2013 NBA Finals -- Miami nightclub picks up Heat's $100,000 champagne bill","linkText" :"Club picks up Heat's $100K champagne bill","byline" :"Darren Rovell","source" :"ESPN.com","description" :"For the second straight year, a Miami bar owner comped the alcohol on the Miami Heat post-game celebration. David Grutman, who owns Story Nightclub, and LIV, said the players ordered 100 bottles of Dom Perignon and three 3-liter bottles of champagne.","images" :[],"categories" :[{"description" :"NBA","type" :"league","sportId" :46,"leagueId" :46,"league" :{"id" :46,"description" :"NBA","links" :{"api" :{"leagues" :{"href" :"http://api.espn.com/v1/sports/basketball/nba"}},"web" :{"leagues" :{"href" :"http://espn.go.com/nba/?ex_cid=espnapi_public"}},"mobile" :{"leagues" :{"href" :"http://m.espn.go.com/nba/?ex_cid=espnapi_public"}}}}},{"description" :"Miami Heat","type" :"team","sportId" :46,"teamId" :14,"team" :{"id" :14,"description" :"Miami Heat","links" :{"api" :{"teams" :{"href" :"http://api.espn.com/v1/sports/basketball/nba/teams/14"}},"web" :{"teams" :{"href" :"http://espn.go.com/nba/team/_/name/mia/miami-heat?ex_cid=espnapi_public"}},"mobile" :{"teams" :{"href" :"http://m.espn.go.com/nba/clubhouse?teamId=14&ex_cid=espnapi_public"}}}}}],"published" :"2013-06-22T01:16:18Z","video" :[]},{"headline" :"President Obama calls Erik Spoelstra","keywords" :["2013 NBA Finals","playoffs","White House","President Barack Obama","Erik Spoelstra"],"lastModified" :"2013-06-21T22:50:24Z","audio" :[],"premium" :false,"mobileStory" :"","links" :{"api" :{"news" :{"href" :"http://api.espn.com/v1/sports/news/9411502"}},"web" :{"href" :"http://espn.go.com/nba/playoffs/2013/story/_/id/9411502/2013-nba-finals-president-barack-obama-calls-miami-heat-coach-erik-spoelstra?ex_cid=espnapi_public"},"mobile" :{"href" :"http://m.espn.go.com/nba/story?storyId=9411502&ex_cid=espnapi_public"}},"shortLinkText" :"Obama congratulates Heat coach Spoelstra","type" :"HeadlineNews","related" :[{"id" :9411354,"title" :"2013 NBA Finals -- Miami Heat's championship parade scheduled for Monday, city bans backpacks","links" :{"api" :{"news" :{"href" :"http://api.espn.com/v1/sports/news/9411354"}},"web" :{"href" :"http://espn.go.com/nba/playoffs/2013/story/_/id/9411354/2013-nba-finals-miami-heat-championship-parade-scheduled-monday-city-bans-backpacks?ex_cid=espnapi_public"},"mobile" :{"href" :"http://m.espn.go.com/nba/story?storyId=9411354&ex_cid=espnapi_public"}}},{"id" :9408752,"title" :"LeBron James, Heat beat Spurs for second straight NBA title","links" :{"api" :{"news" :{"href" :"http://api.espn.com/v1/sports/news/9408752"}},"web" :{"href" :"http://scores.espn.go.com/nba/recap?gameId=400467339&ex_cid=espnapi_public"},"mobile" :{"href" :"http://m.espn.go.com/nba/story?storyId=9408752&ex_cid=espnapi_public"}}}],"id" :9411502,"story" :"","title" :"2013 NBA Finals -- President Barack Obama calls Miami Heat coach Erik Spoelstra","linkText" :"Obama congratulates Heat coach Spoelstra","source" :"Associated Press","description" :"The White House says President Barack Obama has congratulated the Miami Heat's head coach on winning the NBA championship the second year in a row.","images" :[],"categories" :[{"description" :"NBA","type" :"league","sportId" :46,"leagueId" :46,"league" :{"id" :46,"description" :"NBA","links" :{"api" :{"leagues" :{"href" :"http://api.espn.com/v1/sports/basketball/nba"}},"web" :{"leagues" :{"href" :"http://espn.go.com/nba/?ex_cid=espnapi_public"}},"mobile" :{"leagues" :{"href" :"http://m.espn.go.com/nba/?ex_cid=espnapi_public"}}}}},{"description" :"Miami Heat","type" :"team","sportId" :46,"teamId" :14,"team" :{"id" :14,"description" :"Miami Heat","links" :{"api" :{"teams" :{"href" :"http://api.espn.com/v1/sports/basketball/nba/teams/14"}},"web" :{"teams" :{"href" :"http://espn.go.com/nba/team/_/name/mia/miami-heat?ex_cid=espnapi_public"}},"mobile" :{"teams" :{"href" :"http://m.espn.go.com/nba/clubhouse?teamId=14&ex_cid=espnapi_public"}}}}},{"description" :"LeBron James","type" :"athlete","sportId" :46,"athleteId" :1966,"athlete" :{"id" :1966,"description" :"LeBron James","links" :{"api" :{"athletes" :{"href" :"http://api.espn.com/v1/sports/basketball/nba/athletes/1966"}},"web" :{"athletes" :{"href" :"http://espn.go.com/nba/player/_/id/1966/lebron-james?ex_cid=espnapi_public"}},"mobile" :{"athletes" :{"href" :"http://m.espn.go.com/nba/playercard?playerId=1966&ex_cid=espnapi_public"}}}}}],"published" :"2013-06-21T22:36:10Z","video" :[]},{"headline" :"Game 7: 2nd-highest rating on ABC","keywords" :["Game 7","NBA Finals","Television Rating","ABC"],"lastModified" :"2013-06-21T22:59:24Z","audio" :[],"premium" :false,"mobileStory" :"","links" :{"api" :{"news" :{"href" :"http://api.espn.com/v1/sports/news/9410408"}},"web" :{"href" :"http://espn.go.com/nba/story/_/id/9410408/game-7-miami-heat-san-antonio-spurs-draws-2nd-highest-prelim-rating?ex_cid=espnapi_public"},"mobile" :{"href" :"http://m.espn.go.com/nba/story?storyId=9410408&ex_cid=espnapi_public"}},"shortLinkText" :"Game 7 draws 2nd-highest rating on ABC ","type" :"HeadlineNews","related" :[{"id" :9408752,"title" :"LeBron James, Heat beat Spurs for second straight NBA title","links" :{"api" :{"news" :{"href" :"http://api.espn.com/v1/sports/news/9408752"}},"web" :{"href" :"http://scores.espn.go.com/nba/recap?gameId=400467339&ex_cid=espnapi_public"},"mobile" :{"href" :"http://m.espn.go.com/nba/story?storyId=9408752&ex_cid=espnapi_public"}}}],"id" :9410408,"story" :"","title" :"Game 7 between Miami Heat and San Antonio Spurs draws 2nd-highest prelim rating","linkText" :"Game 7 draws 2nd-highest rating on ABC","source" :"Associated Press","description" :"The Heat's Game 7 win over the San Antonio Spurs drew the second-most viewers for the NBA Finals on ABC since the network took over the series in 2003.","images" :[{"height" :324,"alt" :"","width" :576,"name" :"LeBron, Heat Win Second Straight Title","caption" :"Highlight Of The Night: LeBron James scored 37 points to lead the Heat to a 95-88 win over the Spurs and to back-to-back titles.","type" :"video","credit" :"Copyright 2013 ESPN Inc","url" :"http://a.espncdn.com/media/motion/2013/0621/dm_130621_sc_new/dm_130621_sc_new.jpg"}],"categories" :[{"description" :"NBA","type" :"league","sportId" :46,"leagueId" :46,"league" :{"id" :46,"description" :"NBA","links" :{"api" :{"leagues" :{"href" :"http://api.espn.com/v1/sports/basketball/nba"}},"web" :{"leagues" :{"href" :"http://espn.go.com/nba/?ex_cid=espnapi_public"}},"mobile" :{"leagues" :{"href" :"http://m.espn.go.com/nba/?ex_cid=espnapi_public"}}}}},{"description" :"Miami Heat","type" :"team","sportId" :46,"teamId" :14,"team" :{"id" :14,"description" :"Miami Heat","links" :{"api" :{"teams" :{"href" :"http://api.espn.com/v1/sports/basketball/nba/teams/14"}},"web" :{"teams" :{"href" :"http://espn.go.com/nba/team/_/name/mia/miami-heat?ex_cid=espnapi_public"}},"mobile" :{"teams" :{"href" :"http://m.espn.go.com/nba/clubhouse?teamId=14&ex_cid=espnapi_public"}}}}},{"description" :"San Antonio Spurs","type" :"team","sportId" :46,"teamId" :24,"team" :{"id" :24,"description" :"San Antonio Spurs","links" :{"api" :{"teams" :{"href" :"http://api.espn.com/v1/sports/basketball/nba/teams/24"}},"web" :{"teams" :{"href" :"http://espn.go.com/nba/team/_/name/sa/san-antonio-spurs?ex_cid=espnapi_public"}},"mobile" :{"teams" :{"href" :"http://m.espn.go.com/nba/clubhouse?teamId=24&ex_cid=espnapi_public"}}}}}],"published" :"2013-06-21T15:50:29Z","video" :[{"id" :9409300,"title" :"LeBron, Heat Win Second Straight Title","thumbnail" :"http://a.espncdn.com/media/motion/2013/0621/dm_130621_sc_new/dm_130621_sc_new.jpg","description" :"Highlight Of The Night: LeBron James scored 37 points to lead the Heat to a 95-88 win over the Spurs and to back-to-back titles.","links" :{"web" :{"href" :"http://espn.go.com/video/clip?id=9409300&ex_cid=espnapi_public"}}}]},{"headline" :"LeBron James, Heat beat Spurs for second straight NBA title","keywords" :[],"lastModified" :"2013-06-21T19:35:27Z","audio" :[],"premium" :false,"gameId" :"400467339","mobileStory" :"","links" :{"api" :{"news" :{"href" :"http://api.espn.com/v1/sports/news/9408752"},"events" :{"href" :"http://api.espn.com/v1/sports/basketball/nba/events/400467339"}},"web" :{"href" :"http://scores.espn.go.com/nba/recap?gameId=400467339&ex_cid=espnapi_public"},"mobile" :{"href" :"http://scores.espn.go.com/nba/gamecast?gameId=400467339&version=mobile&ex_cid=espnapi_public"}},"shortLinkText" :"Heat clinch 2nd straight NBA title ","type" :"Recap","related" :[{"id" :9409188,"title" :"2013 NBA Finals -- LeBron James named NBA Finals MVP","links" :{"api" :{"news" :{"href" :"http://api.espn.com/v1/sports/news/9409188"}},"web" :{"href" :"http://espn.go.com/nba/playoffs/2013/story/_/id/9409188/2013-nba-finals-lebron-james-named-nba-finals-mvp?ex_cid=espnapi_public"},"mobile" :{"href" :"http://scores.espn.go.com/nba/gamecast?gameId=400467339&version=mobile&ex_cid=espnapi_public"}}},{"id" :9404692,"title" :"NBA Finals 2013 -- Chris Bosh to Miami Heat fans -- 'Watch the game at home'","links" :{"api" :{"news" :{"href" :"http://api.espn.com/v1/sports/news/9404692"}},"web" :{"href" :"http://espn.go.com/nba/playoffs/2013/story/_/id/9404692/nba-finals-2013-chris-bosh-miami-heat-fans-watch-game-home?ex_cid=espnapi_public"},"mobile" :{"href" :"http://scores.espn.go.com/nba/gamecast?gameId=400467339&version=mobile&ex_cid=espnapi_public"}}},{"id" :9405297,"title" :"2013 NBA Finals -- Couple sues Miami bar after deck collapses","links" :{"api" :{"news" :{"href" :"http://api.espn.com/v1/sports/news/9405297"}},"web" :{"href" :"http://espn.go.com/nba/playoffs/2013/story/_/id/9405297/2013-nba-finals-couple-sues-miami-bar-deck-collapses?ex_cid=espnapi_public"},"mobile" :{"href" :"http://scores.espn.go.com/nba/gamecast?gameId=400467339&version=mobile&ex_cid=espnapi_public"}}}],"id" :9408752,"story" :"","linkText" :"Heat hold off Spurs, win 2nd straight NBA title","source" :"Associated Press","description" :"LeBron James had 37 points and 12 rebounds and the Miami Heat repeated as champions with a 95-88 victory over the San Antonio Spurs in Game 7 of the NBA Finals on Thursday night.","images" :[{"height" :324,"alt" :"","width" :576,"name" :"LeBron, Heat Win Second Straight Title","caption" :"Highlight Of The Night: LeBron James scored 37 points to lead the Heat to a 95-88 win over the Spurs and to back-to-back titles.","type" :"video","credit" :"Copyright 2013 ESPN Inc","url" :"http://a.espncdn.com/media/motion/2013/0621/dm_130621_sc_new/dm_130621_sc_new.jpg"}],"categories" :[{"description" :"NBA","type" :"league","sportId" :46,"leagueId" :46,"league" :{"id" :46,"description" :"NBA","links" :{"api" :{"leagues" :{"href" :"http://api.espn.com/v1/sports/basketball/nba"}},"web" :{"leagues" :{"href" :"http://espn.go.com/nba/?ex_cid=espnapi_public"}},"mobile" :{"leagues" :{"href" :"http://m.espn.go.com/nba/?ex_cid=espnapi_public"}}}}},{"description" :"Miami Heat","type" :"team","sportId" :46,"teamId" :14,"team" :{"id" :14,"description" :"Miami Heat","links" :{"api" :{"teams" :{"href" :"http://api.espn.com/v1/sports/basketball/nba/teams/14"}},"web" :{"teams" :{"href" :"http://espn.go.com/nba/team/_/name/mia/miami-heat?ex_cid=espnapi_public"}},"mobile" :{"teams" :{"href" :"http://m.espn.go.com/nba/clubhouse?teamId=14&ex_cid=espnapi_public"}}}}},{"description" :"San Antonio Spurs","type" :"team","sportId" :46,"teamId" :24,"team" :{"id" :24,"description" :"San Antonio Spurs","links" :{"api" :{"teams" :{"href" :"http://api.espn.com/v1/sports/basketball/nba/teams/24"}},"web" :{"teams" :{"href" :"http://espn.go.com/nba/team/_/name/sa/san-antonio-spurs?ex_cid=espnapi_public"}},"mobile" :{"teams" :{"href" :"http://m.espn.go.com/nba/clubhouse?teamId=24&ex_cid=espnapi_public"}}}}}],"published" :"2013-06-21T01:45:32Z","video" :[{"id" :9409300,"title" :"LeBron, Heat Win Second Straight Title","thumbnail" :"http://a.espncdn.com/media/motion/2013/0621/dm_130621_sc_new/dm_130621_sc_new.jpg","description" :"Highlight Of The Night: LeBron James scored 37 points to lead the Heat to a 95-88 win over the Spurs and to back-to-back titles.","links" :{"web" :{"href" :"http://espn.go.com/video/clip?id=9409300&ex_cid=espnapi_public"}}},{"id" :9409209,"title" :"LeBron Named Finals MVP","thumbnail" :"http://a.espncdn.com/media/motion/2013/0621/dm_130621_nba_Interview_lebron_james/dm_130621_nba_Interview_lebron_james.jpg","description" :"LeBron James talks to Doris Burke after claiming his second straight NBA Finals MVP.","links" :{"web" :{"href" :"http://espn.go.com/video/clip?id=9409209&ex_cid=espnapi_public"}}},{"id" :9409191,"title" :"Wade: 'It Took Everything'","thumbnail" :"http://a.espncdn.com/media/motion/2013/0621/dm_130621_Dwyane_Wade_Interview/dm_130621_Dwyane_Wade_Interview.jpg","description" :"Dwyane Wade talks to Doris Burke after capturing his third NBA championship.","links" :{"web" :{"href" :"http://espn.go.com/video/clip?id=9409191&ex_cid=espnapi_public"}}},{"id" :9409187,"title" :"Heat Unstoppable In Game 7","thumbnail" :"http://a.espncdn.com/media/motion/2013/0620/dm_130620_nba_analysis_rambis_heat_win/dm_130620_nba_analysis_rambis_heat_win.jpg","description" :"Kurt Rambis discusses the Heat's 95-88 win over the Spurs for their second straight NBA title.","links" :{"web" :{"href" :"http://espn.go.com/video/clip?id=9409187&ex_cid=espnapi_public"}}}]},{"headline" :"LeBron James named Finals MVP","keywords" :["2013 NBA Finals","MVP","championship","Finals","2013 NBA playoffs","LeBron"],"lastModified" :"2013-06-21T12:45:47Z","audio" :[{"id" :9409856,"title" :"Stephen A. Smith, NBA","description" :"ESPN New York 98.7 FM's Stephen A. Smith covers the Heat's win over the Spurs in Game 7 of the NBA Finals, LeBron James' second-straight championship, the criticism of Gregg Popovich and more.","links" :{"api" :{"audio" :{"href" :"http://api.espn.com/v1/audio/recordings/9409856"}},"web" :{"href" :"http://espn.go.com/espnradio/play?id=9409856&ex_cid=espnapi_public"}}}],"premium" :false,"mobileStory" :"","links" :{"api" :{"news" :{"href" :"http://api.espn.com/v1/sports/news/9409188"}},"web" :{"href" :"http://espn.go.com/nba/playoffs/2013/story/_/id/9409188/2013-nba-finals-lebron-james-named-nba-finals-mvp?ex_cid=espnapi_public"},"mobile" :{"href" :"http://m.espn.go.com/nba/story?storyId=9409188&ex_cid=espnapi_public"}},"shortLinkText" :"LeBron is back-to-back Finals MVP ","type" :"HeadlineNews","related" :[{"id" :9408752,"title" :"LeBron James, Heat beat Spurs for second straight NBA title","links" :{"api" :{"news" :{"href" :"http://api.espn.com/v1/sports/news/9408752"}},"web" :{"href" :"http://scores.espn.go.com/nba/recap?gameId=400467339&ex_cid=espnapi_public"},"mobile" :{"href" :"http://m.espn.go.com/nba/story?storyId=9408752&ex_cid=espnapi_public"}}}],"id" :9409188,"story" :"","title" :"2013 NBA Finals -- LeBron James named NBA Finals MVP","linkText" :"LeBron named NBA Finals MVP for 2nd time","source" :"ESPN.com news services","description" :"LeBron James is now a two-time NBA champion and a two-time Finals MVP.","images" :[{"height" :324,"alt" :"","width" :576,"name" :"LeBron Named Finals MVP","caption" :"LeBron James talks to Doris Burke after claiming his second straight NBA Finals MVP.","type" :"video","credit" :"Copyright 2013 ESPN Inc","url" :"http://a.espncdn.com/media/motion/2013/0621/dm_130621_nba_Interview_lebron_james/dm_130621_nba_Interview_lebron_james.jpg"}],"categories" :[{"description" :"NBA","type" :"league","sportId" :46,"leagueId" :46,"league" :{"id" :46,"description" :"NBA","links" :{"api" :{"leagues" :{"href" :"http://api.espn.com/v1/sports/basketball/nba"}},"web" :{"leagues" :{"href" :"http://espn.go.com/nba/?ex_cid=espnapi_public"}},"mobile" :{"leagues" :{"href" :"http://m.espn.go.com/nba/?ex_cid=espnapi_public"}}}}},{"description" :"LeBron James","type" :"athlete","sportId" :46,"athleteId" :1966,"athlete" :{"id" :1966,"description" :"LeBron James","links" :{"api" :{"athletes" :{"href" :"http://api.espn.com/v1/sports/basketball/nba/athletes/1966"}},"web" :{"athletes" :{"href" :"http://espn.go.com/nba/player/_/id/1966/lebron-james?ex_cid=espnapi_public"}},"mobile" :{"athletes" :{"href" :"http://m.espn.go.com/nba/playercard?playerId=1966&ex_cid=espnapi_public"}}}}},{"description" :"Miami Heat","type" :"team","sportId" :46,"teamId" :14,"team" :{"id" :14,"description" :"Miami Heat","links" :{"api" :{"teams" :{"href" :"http://api.espn.com/v1/sports/basketball/nba/teams/14"}},"web" :{"teams" :{"href" :"http://espn.go.com/nba/team/_/name/mia/miami-heat?ex_cid=espnapi_public"}},"mobile" :{"teams" :{"href" :"http://m.espn.go.com/nba/clubhouse?teamId=14&ex_cid=espnapi_public"}}}}}],"published" :"2013-06-21T04:06:41Z","video" :[{"id" :9409209,"title" :"LeBron Named Finals MVP","thumbnail" :"http://a.espncdn.com/media/motion/2013/0621/dm_130621_nba_Interview_lebron_james/dm_130621_nba_Interview_lebron_james.jpg","description" :"LeBron James talks to Doris Burke after claiming his second straight NBA Finals MVP.","links" :{"web" :{"href" :"http://espn.go.com/video/clip?id=9409209&ex_cid=espnapi_public"}}},{"id" :9409191,"title" :"Wade: 'It Took Everything'","thumbnail" :"http://a.espncdn.com/media/motion/2013/0621/dm_130621_Dwyane_Wade_Interview/dm_130621_Dwyane_Wade_Interview.jpg","description" :"Dwyane Wade talks to Doris Burke after capturing his third NBA championship.","links" :{"web" :{"href" :"http://espn.go.com/video/clip?id=9409191&ex_cid=espnapi_public"}}},{"id" :9409425,"title" :"Can LeBron, Heat Three-Peat?","thumbnail" :"http://a.espncdn.com/media/motion/2013/0621/dm_130621_LeBron_James_with_Magic_Johnson/dm_130621_LeBron_James_with_Magic_Johnson.jpg","description" :"Magic Johnson asks LeBron James what has to happen for the Heat to three-peat.","links" :{"web" :{"href" :"http://espn.go.com/video/clip?id=9409425&ex_cid=espnapi_public"}}},{"id" :9409461,"title" :"Popovich After The NBA Finals","thumbnail" :"http://a.espncdn.com/media/motion/2013/0621/dm_130621_Popovich_After_The_NBA_Finals/dm_130621_Popovich_After_The_NBA_Finals.jpg","description" :"Gregg Popovich reflects on the Spurs' loss to the Heat.","links" :{"web" :{"href" :"http://espn.go.com/video/clip?id=9409461&ex_cid=espnapi_public"}}}]},{"headline" :"GM: Andre Iguodala a priority","keywords" :["Tim Connelly","GM","general manager","josh kroenke"],"lastModified" :"2013-06-20T19:46:25Z","audio" :[],"premium" :false,"mobileStory" :"","links" :{"api" :{"news" :{"href" :"http://api.espn.com/v1/sports/news/9407778"}},"web" :{"href" :"http://espn.go.com/nba/story/_/id/9407778/tim-connelly-introduced-new-gm-denver-nuggets?ex_cid=espnapi_public"},"mobile" :{"href" :"http://m.espn.go.com/nba/story?storyId=9407778&ex_cid=espnapi_public"}},"shortLinkText" :"New Nuggets GM makes Iguodala priority","type" :"HeadlineNews","related" :[{"id" :9395626,"title" :"Denver Nuggets hire Tim Connelly to replace Masai Ujiri","links" :{"api" :{"news" :{"href" :"http://api.espn.com/v1/sports/news/9395626"}},"web" :{"href" :"http://espn.go.com/nba/story/_/id/9395626/denver-nuggets-hire-tim-connelly-replace-masai-ujiri?ex_cid=espnapi_public"},"mobile" :{"href" :"http://m.espn.go.com/nba/story?storyId=9395626&ex_cid=espnapi_public"}}}],"id" :9407778,"story" :"","title" :"Tim Connelly introduced as new GM of Denver Nuggets","linkText" :"New Nuggets GM makes Iguodala priority","source" :"Associated Press","description" :"New Denver Nuggets general manager Tim Connelly says re-signing free agent shooting guard Andre Igoudala is his No. 1 priority.","images" :[],"categories" :[{"description" :"NBA","type" :"league","sportId" :46,"leagueId" :46,"league" :{"id" :46,"description" :"NBA","links" :{"api" :{"leagues" :{"href" :"http://api.espn.com/v1/sports/basketball/nba"}},"web" :{"leagues" :{"href" :"http://espn.go.com/nba/?ex_cid=espnapi_public"}},"mobile" :{"leagues" :{"href" :"http://m.espn.go.com/nba/?ex_cid=espnapi_public"}}}}},{"description" :"Denver Nuggets","type" :"team","sportId" :46,"teamId" :7,"team" :{"id" :7,"description" :"Denver Nuggets","links" :{"api" :{"teams" :{"href" :"http://api.espn.com/v1/sports/basketball/nba/teams/7"}},"web" :{"teams" :{"href" :"http://espn.go.com/nba/team/_/name/den/denver-nuggets?ex_cid=espnapi_public"}},"mobile" :{"teams" :{"href" :"http://m.espn.go.com/nba/clubhouse?teamId=7&ex_cid=espnapi_public"}}}}},{"description" :"Toronto Raptors","type" :"team","sportId" :46,"teamId" :28,"team" :{"id" :28,"description" :"Toronto Raptors","links" :{"api" :{"teams" :{"href" :"http://api.espn.com/v1/sports/basketball/nba/teams/28"}},"web" :{"teams" :{"href" :"http://espn.go.com/nba/team/_/name/tor/toronto-raptors?ex_cid=espnapi_public"}},"mobile" :{"teams" :{"href" :"http://m.espn.go.com/nba/clubhouse?teamId=28&ex_cid=espnapi_public"}}}}},{"description" :"Danilo Gallinari","type" :"athlete","sportId" :46,"athleteId" :3428,"athlete" :{"id" :3428,"description" :"Danilo Gallinari","links" :{"api" :{"athletes" :{"href" :"http://api.espn.com/v1/sports/basketball/nba/athletes/3428"}},"web" :{"athletes" :{"href" :"http://espn.go.com/nba/player/_/id/3428/danilo-gallinari?ex_cid=espnapi_public"}},"mobile" :{"athletes" :{"href" :"http://m.espn.go.com/nba/playercard?playerId=3428&ex_cid=espnapi_public"}}}}},{"description" :"Memphis Grizzlies","type" :"team","sportId" :46,"teamId" :29,"team" :{"id" :29,"description" :"Memphis Grizzlies","links" :{"api" :{"teams" :{"href" :"http://api.espn.com/v1/sports/basketball/nba/teams/29"}},"web" :{"teams" :{"href" :"http://espn.go.com/nba/team/_/name/mem/memphis-grizzlies?ex_cid=espnapi_public"}},"mobile" :{"teams" :{"href" :"http://m.espn.go.com/nba/clubhouse?teamId=29&ex_cid=espnapi_public"}}}}},{"description" :"Indiana Pacers","type" :"team","sportId" :46,"teamId" :11,"team" :{"id" :11,"description" :"Indiana Pacers","links" :{"api" :{"teams" :{"href" :"http://api.espn.com/v1/sports/basketball/nba/teams/11"}},"web" :{"teams" :{"href" :"http://espn.go.com/nba/team/_/name/ind/indiana-pacers?ex_cid=espnapi_public"}},"mobile" :{"teams" :{"href" :"http://m.espn.go.com/nba/clubhouse?teamId=11&ex_cid=espnapi_public"}}}}},{"description" :"Sacramento Kings","type" :"team","sportId" :46,"teamId" :23,"team" :{"id" :23,"description" :"Sacramento Kings","links" :{"api" :{"teams" :{"href" :"http://api.espn.com/v1/sports/basketball/nba/teams/23"}},"web" :{"teams" :{"href" :"http://espn.go.com/nba/team/_/name/sac/sacramento-kings?ex_cid=espnapi_public"}},"mobile" :{"teams" :{"href" :"http://m.espn.go.com/nba/clubhouse?teamId=23&ex_cid=espnapi_public"}}}}}],"published" :"2013-06-20T19:38:15Z","video" :[]},{"headline" :"Kobe: Howard remains with Lakers","keywords" :["offseason","free agency","roster moves","injuries","rehab","recovery","2013 NBA playoffs","NBA Finals"],"lastModified" :"2013-06-20T14:52:26Z","audio" :[{"id" :9404335,"title" :"Kobe Bryant, Lakers: 6/19","description" :"Lakers' superstar Kobe Bryant joins John Ireland & Mike Trudell to discuss rehabbing his torn achilles' tendon, the NBA Finals, and Dwight Howard's upcoming free agency.","links" :{"api" :{"audio" :{"href" :"http://api.espn.com/v1/audio/recordings/9404335"}},"web" :{"href" :"http://espn.go.com/espnradio/losangeles/play?id=9404335&ex_cid=espnapi_public"}}}],"premium" :false,"mobileStory" :"","links" :{"api" :{"news" :{"href" :"http://api.espn.com/v1/sports/news/9404688"}},"web" :{"href" :"http://espn.go.com/los-angeles/nba/story/_/id/9404688/kobe-bryant-thinks-dwight-howard-chris-paul-remain-lakers-clippers-respectively?ex_cid=espnapi_public"},"mobile" :{"href" :"http://m.espn.go.com/nba/story?storyId=9404688&ex_cid=espnapi_public"}},"shortLinkText" :"Kobe's prediction: Howard, Paul stay put ","type" :"HeadlineNews","related" :[{"id" :9388294,"title" :"Kobe Bryant wants 'two more cracks' at NBA title, according to source","links" :{"api" :{"news" :{"href" :"http://api.espn.com/v1/sports/news/9388294"}},"web" :{"href" :"http://espn.go.com/los-angeles/nba/story/_/id/9388294/kobe-bryant-wants-two-more-cracks-nba-title-according-source?ex_cid=espnapi_public"},"mobile" :{"href" :"http://m.espn.go.com/nba/story?storyId=9388294&ex_cid=espnapi_public"}}},{"id" :9386386,"title" :"Chris Paul, Dwight Howard hoping to play together - sources","links" :{"api" :{"news" :{"href" :"http://api.espn.com/v1/sports/news/9386386"}},"web" :{"href" :"http://espn.go.com/los-angeles/nba/story/_/id/9386386/chris-paul-dwight-howard-hoping-play-together-sources?ex_cid=espnapi_public"},"mobile" :{"href" :"http://m.espn.go.com/nba/story?storyId=9386386&ex_cid=espnapi_public"}}}],"id" :9404688,"story" :"","title" :"Kobe Bryant thinks Dwight Howard, Chris Paul will remain with Lakers, Clippers, respectively","linkText" :"Kobe's prediction: Howard, Paul both stay put","byline" :"Dave McMenamin","source" :"ESPNLosAngeles.com","description" :"It is sure to be a frenzied summer across the NBA when free agency officially begins July 1, but Kobe Bryant thinks it will be mostly quiet on the Western front for the two professional teams in Los Angeles.","images" :[{"height" :324,"alt" :"","width" :576,"name" :"The Forum: Who Is The Better Trade Partner For Dwight Howard?","caption" :"Mark Willard and Arash Markazi look at who is the better trade partner for the Lakers, the Clippers or the Rockets.","type" :"video","credit" :"Copyright 2013 ESPN Inc","url" :"http://a.espncdn.com/media/motion/2013/0620/dm_130620_dwight_howard_image/dm_130620_dwight_howard_image.jpg"}],"categories" :[{"description" :"NBA","type" :"league","sportId" :46,"leagueId" :46,"league" :{"id" :46,"description" :"NBA","links" :{"api" :{"leagues" :{"href" :"http://api.espn.com/v1/sports/basketball/nba"}},"web" :{"leagues" :{"href" :"http://espn.go.com/nba/?ex_cid=espnapi_public"}},"mobile" :{"leagues" :{"href" :"http://m.espn.go.com/nba/?ex_cid=espnapi_public"}}}}},{"description" :"Los Angeles Clippers","type" :"team","sportId" :46,"teamId" :12,"team" :{"id" :12,"description" :"Los Angeles Clippers","links" :{"api" :{"teams" :{"href" :"http://api.espn.com/v1/sports/basketball/nba/teams/12"}},"web" :{"teams" :{"href" :"http://espn.go.com/nba/team/_/name/lac/los-angeles-clippers?ex_cid=espnapi_public"}},"mobile" :{"teams" :{"href" :"http://m.espn.go.com/nba/clubhouse?teamId=12&ex_cid=espnapi_public"}}}}},{"description" :"Los Angeles Lakers","type" :"team","sportId" :46,"teamId" :13,"team" :{"id" :13,"description" :"Los Angeles Lakers","links" :{"api" :{"teams" :{"href" :"http://api.espn.com/v1/sports/basketball/nba/teams/13"}},"web" :{"teams" :{"href" :"http://espn.go.com/nba/team/_/name/lal/los-angeles-lakers?ex_cid=espnapi_public"}},"mobile" :{"teams" :{"href" :"http://m.espn.go.com/nba/clubhouse?teamId=13&ex_cid=espnapi_public"}}}}},{"description" :"Chris Paul","type" :"athlete","sportId" :46,"athleteId" :2779,"athlete" :{"id" :2779,"description" :"Chris Paul","links" :{"api" :{"athletes" :{"href" :"http://api.espn.com/v1/sports/basketball/nba/athletes/2779"}},"web" :{"athletes" :{"href" :"http://espn.go.com/nba/player/_/id/2779/chris-paul?ex_cid=espnapi_public"}},"mobile" :{"athletes" :{"href" :"http://m.espn.go.com/nba/playercard?playerId=2779&ex_cid=espnapi_public"}}}}},{"description" :"Kobe Bryant","type" :"athlete","sportId" :46,"athleteId" :110,"athlete" :{"id" :110,"description" :"Kobe Bryant","links" :{"api" :{"athletes" :{"href" :"http://api.espn.com/v1/sports/basketball/nba/athletes/110"}},"web" :{"athletes" :{"href" :"http://espn.go.com/nba/player/_/id/110/kobe-bryant?ex_cid=espnapi_public"}},"mobile" :{"athletes" :{"href" :"http://m.espn.go.com/nba/playercard?playerId=110&ex_cid=espnapi_public"}}}}},{"description" :"Dwight Howard","type" :"athlete","sportId" :46,"athleteId" :2384,"athlete" :{"id" :2384,"description" :"Dwight Howard","links" :{"api" :{"athletes" :{"href" :"http://api.espn.com/v1/sports/basketball/nba/athletes/2384"}},"web" :{"athletes" :{"href" :"http://espn.go.com/nba/player/_/id/2384/dwight-howard?ex_cid=espnapi_public"}},"mobile" :{"athletes" :{"href" :"http://m.espn.go.com/nba/playercard?playerId=2384&ex_cid=espnapi_public"}}}}}],"published" :"2013-06-19T21:29:59Z","video" :[{"id" :9405222,"title" :"The Forum: Who Is The Better Trade Partner For Dwight Howard?","thumbnail" :"http://a.espncdn.com/media/motion/2013/0620/dm_130620_dwight_howard_image/dm_130620_dwight_howard_image.jpg","description" :"Mark Willard and Arash Markazi look at who is the better trade partner for the Lakers, the Clippers or the Rockets.","links" :{"web" :{"href" :"http://espn.go.com/video/clip?id=9405222&ex_cid=espnapi_public"}}},{"id" :9405234,"title" :"The Forum: Can Kobe Win Another Title?","thumbnail" :"http://a.espncdn.com/media/motion/2013/0620/dm_130620_kobe_image_redo/dm_130620_kobe_image_redo.jpg","description" :"Mark Willard and Arash Markazi look at the odds that Kobe Bryant has a chance to win the NBA title in the next two seasons.","links" :{"web" :{"href" :"http://espn.go.com/video/clip?id=9405234&ex_cid=espnapi_public"}}}]},{"headline" :"Jay-Z licensed NBA, MLB agent","keywords" :["Jay-Z","Roc Nation Sports","sports agency","contracts","Ron Berkowitz","Juan Perez","CAA","Kim Miale"],"lastModified" :"2013-06-20T18:04:04Z","audio" :[],"premium" :false,"mobileStory" :"","links" :{"api" :{"news" :{"href" :"http://api.espn.com/v1/sports/news/9405504"}},"web" :{"href" :"http://espn.go.com/nba/story/_/id/9405504/roc-nation-sports-confirms-jay-z-licensed-nba-mlb-agent?ex_cid=espnapi_public"},"mobile" :{"href" :"http://m.espn.go.com/nba/story?storyId=9405504&ex_cid=espnapi_public"}},"shortLinkText" :"Jay-Z is now licensed agent for NBA, MLB ","type" :"HeadlineNews","related" :[{"id" :9354554,"title" :"Source -- Kevin Durant of the Oklahoma City Thunder intends to sign with Jay-Z","links" :{"api" :{"news" :{"href" :"http://api.espn.com/v1/sports/news/9354554"}},"web" :{"href" :"http://espn.go.com/nba/story/_/id/9354554/source-kevin-durant-oklahoma-city-thunder-intends-sign-jay-z?ex_cid=espnapi_public"},"mobile" :{"href" :"http://m.espn.go.com/nba/story?storyId=9354554&ex_cid=espnapi_public"}}},{"id" :9336683,"title" :"DeSean Jackson of Philadelphia Eagles fires Drew Rosenhaus, reports say; Jay-Z next?","links" :{"api" :{"news" :{"href" :"http://api.espn.com/v1/sports/news/9336683"}},"web" :{"href" :"http://espn.go.com/nfl/story/_/id/9336683/desean-jackson-philadelphia-eagles-fires-drew-rosenhaus-reports-say-jay-z-next?ex_cid=espnapi_public"},"mobile" :{"href" :"http://m.espn.go.com/nfl/story?storyId=9336683&ex_cid=espnapi_public"}}},{"id" :9294504,"title" :"Skylar Diggins gets Mercedes from Jay-Z's company","links" :{"api" :{"news" :{"href" :"http://api.espn.com/v1/sports/news/9294504"}},"web" :{"href" :"http://espn.go.com/womens-college-basketball/story/_/id/9294504/skylar-diggins-gets-mercedes-jay-z-company?ex_cid=espnapi_public"},"mobile" :{"href" :"http://m.espn.go.com/ncw/story?storyId=9294504&ex_cid=espnapi_public"}}},{"id" :9302135,"title" :"Geno Smith of New York Jets picks Jay-Z's agency to rep him","links" :{"api" :{"news" :{"href" :"http://api.espn.com/v1/sports/news/9302135"}},"web" :{"href" :"http://espn.go.com/new-york/nfl/story/_/id/9302135/geno-smith-new-york-jets-picks-jay-z-agency-rep-him?ex_cid=espnapi_public"},"mobile" :{"href" :"http://m.espn.go.com/nfl/story?storyId=9302135&ex_cid=espnapi_public"}}}],"id" :9405504,"story" :"","title" :"Roc Nation Sports confirms Jay-Z is licensed NBA, MLB agent","linkText" :"Jay-Z is now licensed agent for NBA, MLB","byline" :"Darren Rovell","source" :"ESPN.com","description" :"Will Jay-Z actually represent clients of his newly created sports agency, Roc Nation Sports, in contract negotiations? It sure looks like he's ready to.","images" :[{"height" :450,"alt" :"Jay Z and Beyonce","width" :800,"name" :"Jay-Z Beyonce 130410 [800x450]","caption" :"tbd by editor","type" :"inline","credit" :"Bruce Bennett/Getty Images","url" :"http://a.espncdn.com/photo/2013/0410/grant_g_seancarter_cr_800.jpg"},{"height" :324,"alt" :"","width" :576,"name" :"Jay-Z A Licensed Agent For NBA, MLB","caption" :"Darren Rovell discusses the impact Jay-Z will have as a sports agent and the process by which he obtained a license to represent clients in the NBA and MLB.","type" :"video","credit" :"Copyright 2013 ESPN Inc","url" :"http://a.espncdn.com/media/motion/2013/0620/dm_130620_nba_mlb_jay_z_licensed_as_agent/dm_130620_nba_mlb_jay_z_licensed_as_agent.jpg"}],"categories" :[{"description" :"NBA","type" :"league","sportId" :46,"leagueId" :46,"league" :{"id" :46,"description" :"NBA","links" :{"api" :{"leagues" :{"href" :"http://api.espn.com/v1/sports/basketball/nba"}},"web" :{"leagues" :{"href" :"http://espn.go.com/nba/?ex_cid=espnapi_public"}},"mobile" :{"leagues" :{"href" :"http://m.espn.go.com/nba/?ex_cid=espnapi_public"}}}}},{"description" :"Oklahoma City Thunder","type" :"team","sportId" :46,"teamId" :25,"team" :{"id" :25,"description" :"Oklahoma City Thunder","links" :{"api" :{"teams" :{"href" :"http://api.espn.com/v1/sports/basketball/nba/teams/25"}},"web" :{"teams" :{"href" :"http://espn.go.com/nba/team/_/name/okc/oklahoma-city-thunder?ex_cid=espnapi_public"}},"mobile" :{"teams" :{"href" :"http://m.espn.go.com/nba/clubhouse?teamId=25&ex_cid=espnapi_public"}}}}},{"description" :"Kevin Durant","type" :"athlete","sportId" :46,"athleteId" :3202,"athlete" :{"id" :3202,"description" :"Kevin Durant","links" :{"api" :{"athletes" :{"href" :"http://api.espn.com/v1/sports/basketball/nba/athletes/3202"}},"web" :{"athletes" :{"href" :"http://espn.go.com/nba/player/_/id/3202/kevin-durant?ex_cid=espnapi_public"}},"mobile" :{"athletes" :{"href" :"http://m.espn.go.com/nba/playercard?playerId=3202&ex_cid=espnapi_public"}}}}},{"description" :"New York Yankees","type" :"team","sportId" :10,"teamId" :10,"team" :{"id" :10,"description" :"New York Yankees","links" :{"api" :{"teams" :{"href" :"http://api.espn.com/v1/sports/baseball/mlb/teams/10"}},"web" :{"teams" :{"href" :"http://espn.go.com/mlb/team/_/name/nyy/new-york-yankees?ex_cid=espnapi_public"}},"mobile" :{"teams" :{"href" :"http://m.espn.go.com/mlb/clubhouse?teamId=10&ex_cid=espnapi_public"}}}}},{"description" :"Robinson Cano","type" :"athlete","sportId" :10,"athleteId" :6204,"athlete" :{"id" :6204,"description" :"Robinson Cano","links" :{"api" :{"athletes" :{"href" :"http://api.espn.com/v1/sports/baseball/mlb/athletes/6204"}},"web" :{"athletes" :{"href" :"http://espn.go.com/mlb/player/_/id/6204/robinson-cano?ex_cid=espnapi_public"}},"mobile" :{"athletes" :{"href" :"http://m.espn.go.com/mlb/playercard?playerId=6204&ex_cid=espnapi_public"}}}}},{"description" :"New York Giants","type" :"team","sportId" :28,"teamId" :19,"team" :{"id" :19,"description" :"New York Giants","links" :{"api" :{"teams" :{"href" :"http://api.espn.com/v1/sports/football/nfl/teams/19"}},"web" :{"teams" :{"href" :"http://espn.go.com/nfl/team/_/name/nyg/new-york-giants?ex_cid=espnapi_public"}},"mobile" :{"teams" :{"href" :"http://m.espn.go.com/nfl/clubhouse?teamId=19&ex_cid=espnapi_public"}}}}},{"description" :"New York Jets","type" :"team","sportId" :28,"teamId" :20,"team" :{"id" :20,"description" :"New York Jets","links" :{"api" :{"teams" :{"href" :"http://api.espn.com/v1/sports/football/nfl/teams/20"}},"web" :{"teams" :{"href" :"http://espn.go.com/nfl/team/_/name/nyj/new-york-jets?ex_cid=espnapi_public"}},"mobile" :{"teams" :{"href" :"http://m.espn.go.com/nfl/clubhouse?teamId=20&ex_cid=espnapi_public"}}}}},{"description" :"Victor Cruz","type" :"athlete","sportId" :28,"athleteId" :13553,"athlete" :{"id" :13553,"description" :"Victor Cruz","links" :{"api" :{"athletes" :{"href" :"http://api.espn.com/v1/sports/football/nfl/athletes/13553"}},"web" :{"athletes" :{"href" :"http://espn.go.com/nfl/player/_/id/13553/victor-cruz?ex_cid=espnapi_public"}},"mobile" :{"athletes" :{"href" :"http://m.espn.go.com/nfl/playercard?playerId=13553&ex_cid=espnapi_public"}}}}},{"description" :"Geno Smith","type" :"athlete","sportId" :28,"athleteId" :15864,"athlete" :{"id" :15864,"description" :"Geno Smith","links" :{"api" :{"athletes" :{"href" :"http://api.espn.com/v1/sports/football/nfl/athletes/15864"}},"web" :{"athletes" :{"href" :"http://espn.go.com/nfl/player/_/id/15864/geno-smith?ex_cid=espnapi_public"}},"mobile" :{"athletes" :{"href" :"http://m.espn.go.com/nfl/playercard?playerId=15864&ex_cid=espnapi_public"}}}}},{"description" :"NFL","type" :"league","sportId" :28,"leagueId" :28,"league" :{"id" :28,"description" :"NFL","links" :{"api" :{"leagues" :{"href" :"http://api.espn.com/v1/sports/football/nfl"}},"web" :{"leagues" :{"href" :"http://espn.go.com/nfl/?ex_cid=espnapi_public"}},"mobile" :{"leagues" :{"href" :"http://m.espn.go.com/nfl/?ex_cid=espnapi_public"}}}}},{"description" :"espnW","type" :"topic","sportId" :0,"topicId" :5},{"description" :"WNBA","type" :"league","sportId" :59,"leagueId" :59,"league" :{"id" :59,"description" :"WNBA","links" :{"api" :{"leagues" :{"href" :"http://api.espn.com/v1/sports/basketball/wnba"}},"web" :{"leagues" :{"href" :"http://espn.go.com/wnba/?ex_cid=espnapi_public"}},"mobile" :{"leagues" :{"href" :"http://m.espn.go.com/wnba/?ex_cid=espnapi_public"}}}}}],"published" :"2013-06-20T03:08:22Z","video" :[{"id" :9407315,"title" :"Jay-Z A Licensed Agent For NBA, MLB","thumbnail" :"http://a.espncdn.com/media/motion/2013/0620/dm_130620_nba_mlb_jay_z_licensed_as_agent/dm_130620_nba_mlb_jay_z_licensed_as_agent.jpg","description" :"Darren Rovell discusses the impact Jay-Z will have as a sports agent and the process by which he obtained a license to represent clients in the NBA and MLB.","links" :{"web" :{"href" :"http://espn.go.com/video/clip?id=9407315&ex_cid=espnapi_public"}}}]}]}