[
  {
    "name": "Core",
    "groups": [
      {
        "name": "Cells",
        "classes": [
          "Backgrid.Cell",
          "Backgrid.DatetimeCell",
          "Backgrid.DateCell",
          "Backgrid.TimeCell",
          "Backgrid.NumberCell",
          "Backgrid.IntegerCell",
          "Backgrid.StringCell",
          "Backgrid.UriCell",
          "Backgrid.EmailCell",
          "Backgrid.BooleanCell",
          "Backgrid.SelectCell"
        ]
      }, {
        "name": "CellEditors",
        "classes": [
          "Backgrid.CellEditor",
          "Backgrid.InputCellEditor",
          "Backgrid.BooleanCellEditor",
          "Backgrid.SelectCellEditor"
        ]
      }, {
        "name": "Formatters",
        "classes": [
          "Backgrid.CellFormatter",
          "Backgrid.StringFormatter",
          "Backgrid.EmailFormatter",
          "Backgrid.NumberFormatter",
          "Backgrid.DatetimeFormatter",
          "Backgrid.SelectFormatter"
        ]
      }, {
        "name": "Columns",
        "classes": [
          "Backgrid.*Column*"
        ]
      }, {
        "name": "Headers",
        "classes": [
          "Backgrid.HeaderCell",
          "Backgrid.HeaderRow",
          "Backgrid.Header"
        ]
      }, {
        "name": "Others",
        "classes": [
          "Backgrid.Command",
          "Backgrid.Grid",
          "Backgrid.Body",
          "Backgrid.Row",
          "Backgrid.EmptyRow",
          "Backgrid.Footer"
        ]
      }
    ]
  }, {
    "name": "Extensions",
    "groups": [
      {
        "name": "Paginator",
        "classes": [
          "Backgrid.Extension.Paginator"
        ]
      },
      {
        "name": "TextCell",
        "classes": [
          "Backgrid.Extension.TextCell",
          "Backgrid.Extension.TextareaEditor"
        ]
      },
      {
        "name": "MomentCell",
        "classes": [
          "Backgrid.Extension.MomentFormatter",
          "Backgrid.Extension.MomentCell"
        ]
      },
      {
        "name": "Select2Cell",
        "classes": [
          "Backgrid.Extension.Select2Cell",
          "Backgrid.Extension.Select2CellEditor"
        ]
      },
      {
        "name": "SelectAll",
        "classes": [
          "Backgrid.Extension.SelectAllHeaderCell",
          "Backgrid.Extension.SelectRowCell"
        ]
      },
      {
        "name": "Filter",
        "classes": [
          "Backgrid.Extension.ServerSideFilter",
          "Backgrid.Extension.ClientSideFilter",
          "Backgrid.Extension.LunrFilter"
        ]
      }
    ]
  }
]
